1,.1601139,.18154636,.069727927,.17266998,.015345705,.017033856,.028905379,.012936682,.03251965,.024274701,.045037597,.04243191,.022108881,.1017314,.047212277,.026403794
2,.16012672,.18188028,.070024662,.17253712,.01527987,.017049635,.028891347,.012995094,.032594878,.024259353,.045039311,.042412199,.022091553,.10135072,.047111973,.026355287
3,.1601385,.18221383,.070322685,.17240342,.015214135,.017065449,.028877275,.013053786,.0326702,.024243886,.045040868,.042392395,.022074163,.10097074,.047011849,.026306855
4,.16014814,.18254761,.070622638,.17226867,.015148363,.017081425,.028863128,.013112804,.032745719,.024228241,.045042202,.042372551,.022056656,.10059129,.046911892,.026258657
5,.16015451,.18288143,.07092534,.17213249,.015082338,.017097635,.028849084,.013172285,.032821808,.024212435,.045043435,.042352945,.02203905,.10021181,.046812396,.026211036
6,.16015606,.18321575,.071232006,.17199418,.015015833,.01711423,.028835278,.013232333,.03289881,.024196487,.045044601,.04233373,.022021363,.099831603,.046713401,.026164336
7,.1601513,.183551,.071543813,.17185348,.014948564,.017131291,.028821943,.013293055,.032976992,.024180382,.045045715,.042315077,.022003623,.099449784,.046615042,.026118912
8,.16013837,.18388727,.071862139,.17171003,.014880266,.017148966,.028809309,.013354545,.033056632,.024164207,.045046758,.042297218,.02198582,.099065684,.046517666,.026075114
9,.16011561,.18422501,.072188422,.17156337,.01481064,.017167393,.02879761,.013416881,.03313807,.024147969,.045047749,.04228032,.021967985,.09867806,.046421591,.026033323
10,.16008173,.1845637,.072524056,.17141308,.014739426,.017186673,.028787067,.013480098,.03322183,.024131669,.045048609,.042264801,.021950165,.098286137,.046327215,.025993779
11,.160035,.18490264,.07287097,.17125881,.014666357,.017206827,.028777812,.013544256,.033308495,.024115307,.045049418,.042251091,.021932354,.097888842,.046235137,.025956644
12,.1599739,.18524109,.073230773,.17110023,.01459117,.017227806,.028769901,.013609341,.033398755,.024098862,.045050349,.042239841,.021914596,.097485512,.046145745,.025922101
13,.15989687,.18557827,.073605426,.17093679,.014513616,.01724962,.028763367,.013675341,.033493105,.02408234,.045051418,.042231739,.02189688,.097075537,.046059474,.025890229
14,.15980242,.18591334,.07399679,.17076823,.014433429,.017272262,.028758058,.013742232,.033592124,.024065753,.04505264,.042227451,.02187925,.096658297,.045976594,.025861122
15,.15968914,.18624562,.074406751,.17059414,.014350384,.017295858,.028753793,.013809989,.03369635,.024049176,.045053992,.042227708,.021861739,.096233219,.04589732,.025834829
16,.15955548,.18657467,.074837588,.17041396,.014264205,.017320484,.028750282,.013878604,.033806209,.024032621,.045055579,.042233024,.021844357,.095799915,.0458217,.025811335
17,.15940027,.18689993,.07529112,.17022724,.01417463,.017346328,.028747359,.0139481,.033922162,.02401609,.04505749,.042243998,.021827124,.095357783,.04574972,.025790652
18,.15922202,.18722083,.075769611,.17003331,.014081377,.017373558,.028744916,.014018468,.03404453,.023999644,.045059845,.042261194,.021810016,.09490668,.045681305,.025772747
19,.15901938,.1875367,.076275118,.16983117,.013984159,.017402407,.028742958,.014089726,.03417353,.0239833,.045062963,.042285204,.021793125,.09444616,.045616377,.025757749
20,.15879078,.18784645,.076809935,.16962019,.013882739,.017433044,.028741382,.014161873,.034309324,.023966918,.045067113,.042316653,.021776391,.093976311,.045555059,.02574585
21,.15853506,.18814893,.077375971,.16939937,.013776897,.017465513,.028740179,.014234926,.034451857,.023950469,.045072488,.042356182,.021759888,.093497522,.045497533,.025737211
22,.15825135,.18844248,.077975243,.16916814,.013666489,.01749967,.028739294,.014308897,.034601007,.023933886,.04507944,.04240435,.021743597,.093010053,.045444053,.025732027
23,.15793909,.18872574,.078609295,.16892567,.013551344,.017535238,.028738581,.014383774,.034756478,.023917183,.045087993,.042461768,.021727573,.092514738,.045394976,.025730528
24,.15759769,.18899731,.079279639,.16867098,.013431391,.017571947,.028737947,.014459529,.034917973,.023900263,.045098357,.042529002,.021711851,.09201248,.04535066,.025732979
25,.15722674,.18925633,.07998728,.16840354,.013306572,.017609525,.028737288,.014536056,.035085037,.023883037,.045110486,.042606335,.021696473,.091504328,.045311362,.025739608
26,.15682633,.18950143,.080733359,.16812257,.013176971,.017647708,.028736472,.014613227,.035257347,.02386537,.045124259,.042694159,.021681458,.090991527,.045277204,.025750609
27,.15639617,.18973181,.08151871,.16782749,.013042719,.017686324,.028735373,.014690876,.03543435,.023847079,.045139667,.042792723,.021666843,.090475462,.045248281,.025766132
28,.15593688,.18994637,.082343981,.16751795,.012904003,.017725162,.028733816,.014768729,.035615642,.023827918,.045156594,.042902075,.021652551,.089957535,.045224428,.025786318
29,.15544906,.19014457,.083209611,.16719338,.012761155,.01776401,.028731665,.014846505,.035800539,.023807555,.045175139,.043022349,.021638526,.089439191,.045205437,.025811281
30,.1549335,.19032553,.084115304,.16685402,.012614607,.017802667,.028728912,.014923907,.035988487,.023785576,.045195285,.043153372,.021624714,.088922054,.045191061,.02584102
31,.15439181,.19048887,.085060135,.16649996,.012464866,.017840918,.028725529,.015000595,.036178868,.023761487,.045217078,.043294948,.021611014,.088407643,.045180868,.025875408
32,.15382577,.19063383,.086042739,.1661316,.012312547,.017878622,.028721601,.015076271,.036371067,.023734776,.045240525,.043446813,.021597369,.087897651,.045174561,.025914246
33,.1532378,.19076048,.087060586,.16574995,.012158329,.01791551,.028717091,.015150649,.03656441,.023704993,.045265529,.043608431,.021583641,.087393582,.045171779,.025957244
34,.15263095,.19086842,.088110536,.16535605,.012002995,.017951224,.028712003,.01522346,.036758214,.023671765,.045292094,.043779198,.021569796,.086897023,.045172174,.026004102
35,.15200906,.19095813,.089188166,.16495156,.011847438,.017985355,.028706247,.015294456,.036951553,.023634743,.045320168,.04395825,.02155583,.086409353,.045175266,.026054386
36,.1513769,.19103013,.090288065,.1645384,.011692676,.018017411,.028699823,.015363358,.037143409,.023593696,.045349583,.044144578,.021541655,.085932001,.045180619,.026107695
37,.15073995,.19108544,.09140338,.1641188,.011539818,.018047016,.02869264,.015429912,.037332643,.02354848,.045380108,.044336911,.021527311,.085466363,.045187581,.026163643
38,.15010481,.19112542,.092525847,.16369556,.01139014,.018073825,.028684689,.015493811,.037518006,.023498956,.045411512,.044533852,.021512749,.085013762,.04519536,.026221732
39,.14947741,.19115168,.093647763,.16327149,.011244641,.018097576,.028675968,.015554808,.037698448,.023445008,.045443397,.044733956,.021498024,.084574983,.045203421,.026281441
40,.14886259,.19116595,.094761983,.16284919,.011104115,.018118113,.028666431,.015612714,.037873194,.023386508,.04547571,.044935871,.021483129,.084151015,.045211192,.026342249
41,.14826488,.19116984,.095862031,.16243154,.010969237,.018135389,.028656026,.015667384,.038041458,.023323439,.045508347,.045138355,.021468123,.083742112,.04521811,.026403753
42,.1476879,.19116481,.096941836,.16202115,.010840474,.018149357,.028644722,.015718678,.038202893,.023255792,.0455411,.045340326,.021453047,.083348542,.045223814,.026465576
43,.14713472,.1911526,.097995751,.16162053,.010718185,.018160077,.028632438,.015766528,.038357284,.023183627,.045573819,.045540798,.021438017,.082970254,.045227874,.026527487
44,.14660826,.19113465,.099018551,.1612325,.010602638,.018167706,.028619127,.015810877,.038504377,.023106977,.045606319,.045738816,.021423027,.082607031,.045229834,.026589323
45,.14611055,.19111244,.10000592,.16085915,.010493966,.018172421,.028604696,.015851658,.03864399,.023025854,.045638476,.045933694,.02140818,.082258463,.04522945,.026651094
46,.14564317,.19108701,.10095423,.16050249,.010392267,.018174492,.028589109,.015888913,.038776096,.022940315,.045670152,.046124797,.021393495,.081924208,.045226451,.026712762
47,.14520738,.19105944,.10186075,.16016436,.010297534,.018174209,.02857231,.015922645,.038900681,.022850327,.045701198,.046311494,.021378946,.081603855,.045220703,.026774192
48,.14480402,.19102995,.10272314,.15984608,.010209745,.01817189,.028554445,.015953016,.03901802,.022755908,.045731336,.046493422,.021364478,.081296973,.045212172,.026835421
49,.1444336,.19099922,.10353971,.15954868,.010128749,.018167911,.028535696,.015980138,.039128557,.022657061,.045760315,.046670157,.021349983,.081003062,.045200847,.026896331
50,.14409615,.1909672,.10430901,.1592731,.010054377,.018162699,.028516335,.016004194,.039232854,.022553954,.045787785,.046841618,.021335253,.080721691,.045186762,.026956966
51,.14379154,.19093479,.10502991,.15901965,.0099864416,.018156759,.028496625,.016025392,.039331343,.02244677,.045813512,.04700755,.02132016,.080452085,.045170132,.02701732
52,.14351937,.19090247,.1057019,.15878846,.0099246856,.018150551,.028476749,.016043903,.039424527,.02233576,.045837086,.047167797,.02130462,.080193661,.045151155,.027077304
53,.14327949,.19087079,.10632478,.15857916,.0098688109,.018144494,.028456848,.0160599,.039512943,.022221178,.045858119,.047322158,.021288635,.079945713,.045130104,.027136888
54,.14307113,.19084093,.10689873,.15839159,.0098185306,.018138923,.02843691,.016073551,.039597031,.022103243,.045876268,.047470234,.021272136,.079707436,.045107387,.027195958
55,.1428936,.1908142,.10742402,.15822493,.0097734835,.018134099,.028417014,.016085008,.039677285,.021982245,.045891415,.047611736,.021255163,.079478361,.045083176,.027254302
56,.14274581,.19079141,.10790186,.15807845,.0097333454,.018130137,.028397124,.016094396,.039754242,.021858402,.045903355,.047746278,.021237716,.079257935,.045057807,.027311772
57,.14262697,.19077317,.10833365,.15795122,.0096977539,.018127106,.028377272,.016101822,.039828267,.021731958,.045911968,.047873568,.021219794,.079045646,.045031425,.02736837
58,.14253585,.19076023,.10872123,.15784203,.0096663591,.018125046,.028357491,.016107425,.039899807,.021603115,.045917217,.047993418,.021201422,.078841083,.045004196,.027424097
59,.14247149,.19075286,.109067,.1577494,.0096388115,.018123861,.028337767,.01611132,.039969139,.021472143,.045918856,.048105616,.021182595,.078643769,.044976287,.027479086
60,.14243245,.19075115,.10937341,.15767187,.0096147629,.018123543,.028318118,.01611368,.040036574,.021339281,.04591687,.048210081,.021163244,.078453466,.044948012,.027533481
61,.14241758,.19075489,.10964333,.15760776,.0095938481,.018124124,.028298587,.016114641,.040102284,.021204853,.045910984,.048306711,.021143405,.078270115,.044919536,.027587377
62,.14242555,.19076447,.10987902,.15755513,.009575719,.018125692,.028279211,.016114345,.040166538,.021069266,.0459009,.048395552,.021123044,.078093544,.044891134,.027640911
63,.14245507,.19077964,.11008306,.1575122,.0095600188,.018128376,.028260076,.016112983,.040229611,.020932879,.045886427,.048476592,.02110213,.07792379,.044863068,.02769411
64,.1425048,.19080001,.11025799,.15747735,.0095463889,.018132301,.028241189,.016110737,.04029185,.020796141,.045867521,.048549779,.021080647,.077760912,.044835482,.027746903
65,.14257365,.19082575,.11040599,.15744904,.0095344745,.0181376,.028222546,.016107781,.040353432,.020659382,.045844059,.048615038,.021058574,.077604935,.044808574,.027799146
66,.14266056,.19085687,.11052946,.15742563,.0095239505,.018144434,.028204141,.016104355,.040414479,.020522863,.045816045,.048672378,.021035893,.077455722,.044782557,.027850682
67,.14276423,.1908932,.11063065,.15740575,.009514505,.018152874,.028186006,.016100649,.040475097,.020386947,.045783445,.048721727,.021012645,.077313259,.044757605,.027901446
68,.14288379,.19093488,.11071181,.15738787,.0095058344,.018162899,.028168134,.016096901,.040535163,.02025196,.04574617,.048763186,.020988852,.077177264,.044733874,.027951356
69,.14301832,.19098127,.11077483,.15737101,.0094977124,.018174417,.028150672,.016093321,.040594608,.020118359,.045704424,.0487969,.0209646,.077047668,.044711515,.028000385
70,.14316694,.19103268,.11082134,.15735409,.0094899097,.018187338,.028133634,.016090086,.040653158,.019986544,.045658518,.048822932,.020940008,.076923974,.044690464,.028048415
71,.14332852,.19108911,.11085312,.15733588,.009482245,.01820156,.028117104,.016087379,.040710639,.019856853,.045608673,.048841633,.020915132,.076806076,.044670679,.028095417
72,.14350227,.19115061,.11087155,.15731584,.009474582,.018217005,.028101003,.016085299,.040766872,.019729521,.045555174,.04885339,.020890061,.076693602,.044651993,.028141256
73,.14368734,.19121742,.11087785,.15729311,.0094668018,.018233716,.02808518,.016083911,.040821787,.01960469,.045498319,.048858631,.020864943,.076586194,.044634175,.028185882
74,.14388306,.19128934,.11087313,.15726721,.0094587905,.018251816,.02806942,.016083255,.040875364,.019482486,.045438323,.048857853,.020839775,.076483816,.044617128,.028229229
75,.14408845,.19136664,.11085818,.15723775,.0094504924,.018271437,.028053539,.016083373,.040927578,.019363044,.045375384,.048851501,.020814663,.076386116,.044600602,.028271247
76,.1443029,.19144908,.11083382,.15720427,.0094418228,.018292682,.028037453,.016084302,.040978611,.019246517,.045309812,.04883993,.020789539,.076292969,.0445843,.028311951
77,.14452572,.19153689,.11080042,.15716676,.0094327666,.018315619,.028020982,.016086018,.041028459,.019133085,.045241844,.048823439,.02076445,.076204166,.044568013,.028351394
78,.14475626,.19162937,.1107586,.15712498,.0094233183,.018340319,.028004078,.016088538,.041077252,.019022888,.045171924,.048802361,.020739401,.076119423,.044551618,.028389657
79,.14499371,.19172618,.11070882,.15707892,.0094134975,.018366795,.027986635,.016091846,.041125014,.018916018,.045100238,.048777074,.020714387,.076038927,.044535033,.028426899
80,.14523746,.19182721,.11065132,.1570285,.0094033433,.018395057,.027968606,.016095903,.041171413,.018812561,.045027148,.048747979,.020689437,.075962417,.044518355,.028463311
81,.14548667,.19193201,.11058673,.15697381,.0093928995,.018425094,.027949909,.016100688,.041216232,.018712606,.044953037,.048715387,.020664528,.075889982,.044501491,.02849894
82,.14574057,.19204026,.11051529,.15691504,.0093822582,.018456791,.027930545,.016106207,.041258994,.018616136,.044878352,.048679784,.02063966,.075821504,.044484664,.028533924
83,.14599858,.19215177,.11043729,.15685214,.0093714967,.018489905,.027910484,.016112454,.041299406,.018523157,.044803586,.048641618,.020614827,.075757004,.044467848,.028568467
84,.14626004,.19226582,.1103534,.15678547,.0093607353,.018524008,.027889708,.016119465,.041337203,.018433621,.044728965,.048601471,.020590015,.075696215,.044451028,.02860282
85,.14652419,.1923825,.11026399,.15671538,.0093501015,.018558685,.027868338,.016127294,.041372266,.018347507,.044654723,.048559733,.02056523,.075638779,.04443429,.028637026
86,.14679049,.19250123,.11016969,.15664215,.0093397181,.018593548,.027846497,.016135955,.041404434,.018264791,.044580895,.048516963,.020540515,.075584404,.044417553,.028671153
87,.14705794,.19262184,.11007127,.1565664,.0093297102,.01862826,.027824325,.016145449,.041433692,.018185392,.044507477,.04847357,.020515921,.075532652,.044400897,.028705209
88,.14732583,.19274412,.10996922,.15648854,.0093201986,.018662479,.027801948,.016155774,.041460078,.018109163,.044434506,.04842997,.020491486,.075483069,.04438436,.028739268
89,.14759362,.19286752,.1098642,.15640904,.0093112625,.018695954,.027779665,.016166935,.041483615,.018035986,.044362105,.048386581,.020467272,.075434931,.044367991,.028773334
90,.14786021,.19299161,.10975649,.15632872,.009303011,.018728459,.027757773,.016178958,.041504405,.017965745,.044290349,.048343748,.020443384,.075387783,.04435185,.028807528
91,.1481248,.19311637,.10964629,.1562479,.0092954878,.01875977,.027736673,.016191855,.041522682,.017898344,.044219218,.048301797,.020419857,.075341038,.044336054,.028841881
92,.1483863,.19324158,.1095341,.15616724,.0092887664,.018789718,.027716726,.016205583,.041538548,.017833691,.04414862,.048261076,.020396864,.075294174,.044320609,.028876381
93,.14864396,.19336641,.10942042,.15608744,.0092828963,.018818144,.027698258,.016220119,.041552104,.017771741,.044078536,.048221886,.020374566,.075246811,.044305656,.028911022
94,.14889684,.19349137,.10930573,.15600878,.0092778997,.018844821,.027681554,.016235385,.041563537,.017712425,.044009037,.048184391,.020353096,.075198486,.044291139,.028945519
95,.14914438,.1936157,.10919109,.15593155,.0092737749,.018869508,.027666952,.016251259,.041572917,.017655706,.043940164,.048148684,.020332642,.075149,.044276897,.02897976
96,.14938572,.1937401,.10907676,.15585607,.0092704985,.018891914,.027654774,.016267624,.041580386,.017601544,.043872014,.048114873,.020313345,.075098164,.04426273,.029013453
97,.14962012,.19386375,.10896363,.15578312,.0092680668,.018911868,.027645309,.016284388,.041586019,.017549919,.043804705,.048082948,.020295396,.075045757,.044248629,.0290464
98,.14984708,.19398606,.10885213,.15571292,.0092664622,.018929271,.027638834,.016301563,.041590039,.017500853,.043738265,.048052847,.020278899,.074991621,.044234596,.02907856
99,.15006563,.19410715,.1087428,.15564613,.0092656249,.018944101,.027635705,.016319113,.041592628,.017454306,.043672588,.048024457,.020263961,.074935451,.044220559,.029109839
100,.15027505,.19422662,.10863586,.15558326,.0092654862,.018956397,.027636185,.016337072,.041593909,.017410206,.043607838,.047997776,.020250637,.074876964,.044206489,.029140204
101,.15047456,.19434471,.10853171,.15552455,.0092659565,.018966274,.027640672,.01635547,.041594237,.017368518,.043544143,.04797262,.020238845,.074815884,.044192299,.029169573
102,.15066369,.19446097,.10843064,.15547073,.0092669297,.018973658,.027649403,.016374372,.041593846,.017329223,.043481655,.047948793,.020228447,.074751921,.044177804,.029197935
103,.15084185,.19457582,.10833266,.15542229,.009268336,.018978475,.027662544,.016393827,.04159322,.01729228,.04342062,.047926035,.020219171,.074684873,.044162817,.029225213
104,.15100902,.19468878,.10823813,.15537938,.0092700822,.01898062,.027680105,.01641397,.041592721,.017257577,.043361302,.047904354,.020210739,.07461451,.044147342,.029251328
105,.15116487,.19480033,.10814698,.15534243,.0092720771,.018980034,.027702039,.016434859,.041592784,.017225031,.043304052,.047883689,.020202868,.074540585,.044131164,.029276183
106,.15130928,.19491056,.10805947,.15531164,.0092742713,.018976761,.027728079,.016456598,.041593704,.017194472,.043249045,.047864065,.020195341,.074462868,.044114128,.029299734
107,.15144238,.19501932,.10797572,.15528691,.0092766248,.018970914,.027758056,.016479198,.04159585,.017165801,.043196283,.047845673,.020188004,.074381173,.04409625,.029321874
108,.15156388,.19512741,.10789574,.1552684,.0092791291,.018962666,.027791616,.016502649,.041599538,.017138941,.043145642,.047828428,.020180726,.074295245,.044077501,.029342489
109,.15167384,.19523545,.10781956,.15525587,.0092817955,.018952189,.027828518,.016526924,.041605145,.017113844,.043096758,.047812391,.020173365,.074204922,.044058017,.029361395
110,.15177231,.19534412,.10774746,.1552487,.0092846164,.018939586,.027868476,.016551981,.041613184,.017090464,.043049254,.047797553,.020165853,.074110046,.044038042,.029378384
111,.1518593,.19545367,.10767964,.1552466,.0092876162,.018924994,.027911374,.016577791,.041623976,.017068699,.043002844,.047783781,.020158121,.074010454,.044017881,.029393289
112,.15193471,.19556491,.10761606,.15524906,.0092907939,.018908609,.027957026,.016604336,.041637737,.017048538,.042957414,.047770828,.020150118,.073905967,.043997802,.029406063
113,.15199903,.1956781,.10755652,.15525569,.0092941318,.018890651,.028005185,.016631622,.041654564,.017029943,.042912975,.047758374,.020141872,.073796712,.043978076,.029416602
114,.15205234,.19579434,.10750071,.15526557,.0092976056,.018871343,.028055541,.016659701,.041674383,.017012877,.042869605,.047746208,.020133359,.073682703,.043958861,.029424844
115,.1520952,.19591379,.10744797,.15527911,.0093011661,.018850882,.028107723,.0166886,.041697063,.016997302,.042827453,.047733936,.020124633,.073564149,.043940272,.029430751
116,.15212831,.19603683,.10739781,.15529546,.0093048057,.018829471,.028161393,.01671841,.04172245,.016983161,.042786848,.047721252,.020115679,.073441282,.043922435,.029434379
117,.15215217,.19616409,.10734951,.15531477,.009308476,.018807225,.028216166,.016749121,.041750409,.016970377,.042747952,.04770771,.020106481,.073314302,.043905452,.029435767
118,.15216747,.19629571,.10730268,.1553366,.0093121724,.018784359,.028271582,.016780736,.041780975,.016958864,.042710844,.04769294,.020097075,.073183492,.043889474,.029435048
119,.1521747,.19643238,.10725632,.15536088,.0093158567,.018761136,.028327309,.01681322,.041814052,.016948579,.042675659,.047676653,.020087395,.073049039,.043874614,.029432237
120,.15217473,.1965737,.10721,.15538758,.0093195019,.018737752,.028382938,.016846446,.041849487,.0169395,.042642388,.047658663,.020077381,.072911456,.043861065,.029427415
121,.15216821,.19672096,.1071629,.15541621,.0093230689,.018714376,.028438242,.016880319,.041886829,.016931605,.042611051,.047638904,.020066991,.072770871,.043848902,.029420543
122,.15215503,.19687468,.10711468,.15544719,.0093265465,.01869119,.02849297,.01691466,.041925471,.016924923,.042581681,.047617327,.020056183,.072627634,.043838155,.029411707
123,.15213628,.19703487,.10706513,.15548022,.0093298992,.01866835,.028547121,.016949262,.041964829,.016919369,.042554196,.047593944,.02004482,.072481968,.04382883,.029400907
124,.15211232,.19720158,.10701428,.15551564,.0093331179,.018646086,.028600659,.016983852,.04200406,.01691488,.042528465,.047568839,.020032855,.072334111,.043821003,.029388286
125,.15208335,.19737476,.10696248,.15555337,.0093362192,.018624784,.028653691,.017018117,.042042311,.016911322,.042504314,.047542095,.020020198,.072184257,.043814711,.029374009
126,.15204972,.19755441,.10690996,.15559404,.0093392031,.018604761,.028706288,.017051682,.042078611,.016908549,.042481419,.047513906,.020006781,.072032414,.043810073,.029358212
127,.15201171,.19773985,.10685714,.15563764,.0093421061,.01858644,.028758511,.017084202,.042112209,.016906513,.042459503,.047484543,.019992627,.071878761,.043807145,.029341105
128,.15196961,.19793145,.10680443,.15568419,.0093449354,.01857006,.028810436,.017115356,.042142201,.016905105,.04243831,.047454238,.019977694,.071723424,.043805871,.029322688
129,.15192345,.19812889,.10675202,.1557343,.0093477033,.018555818,.028862204,.017144836,.042167783,.016904272,.042417649,.047423225,.01996199,.071566857,.043805972,.02930302
130,.15187363,.19833234,.10670014,.1557875,.0093503697,.018543879,.028914029,.017172363,.04218819,.016903969,.042397395,.047391899,.019945534,.071409315,.043807231,.02928224
131,.15182067,.19854096,.1066489,.15584461,.0093529234,.018534373,.028966092,.017197723,.042202689,.016904105,.042377319,.047360513,.01992839,.071251042,.043809295,.029260393
132,.15176436,.1987552,.10659845,.1559054,.0093553849,.01852732,.029018596,.017220747,.042210653,.016904442,.042357396,.047329266,.019910589,.071092479,.043811966,.029237742
133,.15170556,.198974,.10654892,.15596987,.0093577374,.018522792,.029071741,.017241282,.042211644,.01690479,.042337514,.047298525,.019892229,.070933916,.043814961,.02921454
134,.15164447,.1991972,.10650023,.15603827,.0093600014,.018520735,.029125594,.017259257,.042205151,.016904881,.042317599,.047268655,.019873355,.070775501,.043818034,.029191082
135,.15158114,.19942455,.10645241,.15611061,.0093622161,.018521108,.029180199,.017274605,.042190906,.016904494,.042297669,.047239996,.019854071,.070617467,.043820962,.029167568
136,.15151647,.19965565,.10640546,.15618633,.0093644075,.018523766,.02923556,.017287351,.042168643,.016903454,.042277645,.047213126,.019834492,.070460021,.043823492,.029144142
137,.15145092,.19989003,.10635952,.15626504,.0093666157,.01852854,.029291607,.017297499,.04213826,.016901571,.042257618,.047188383,.019814683,.070303313,.043825552,.029120838
138,.1513849,.20012672,.10631468,.15634716,.0093688481,.018535236,.02934828,.017305102,.042099733,.016898718,.042237587,.04716615,.019794736,.070147388,.043827172,.0290976
139,.15131949,.20036484,.10627108,.15643169,.0093710981,.018543631,.029405512,.017310133,.042053219,.016894815,.04221769,.047146756,.019774694,.069992408,.043828543,.029074432
140,.15125534,.20060371,.10622887,.15651815,.0093733901,.018553579,.029463124,.017312566,.041999009,.016889859,.04219798,.047130547,.019754667,.069838211,.043829691,.0290513
141,.15119331,.20084181,.10618833,.15660591,.0093757585,.018564923,.029520947,.017312417,.041937605,.016883964,.042178623,.047117915,.019734703,.06968499,.043830644,.029028172
142,.15113409,.20107853,.10615008,.15669334,.0093782553,.018577484,.029578751,.017309844,.041869514,.016877269,.042159729,.047109026,.019714862,.069532782,.043831363,.029005069
143,.1510791,.20131195,.1061144,.15677921,.0093809338,.018591069,.029636424,.017305065,.041795287,.01686994,.04214146,.04710415,.019695176,.069381848,.04383193,.028982079
144,.1510288,.20154148,.10608181,.15686218,.0093838219,.018605502,.029693736,.017298348,.041715521,.01686207,.042123809,.047103334,.019675741,.06923227,.043832339,.028959254
145,.15098447,.20176534,.10605267,.15694062,.0093869651,.018620558,.029750543,.017290018,.041630913,.016853727,.042106826,.047106616,.019656595,.069084533,.043832842,.028936755
146,.15094751,.20198277,.10602723,.15701208,.0093904063,.018635983,.029806698,.017280415,.041542407,.016844897,.042090621,.047113959,.019637752,.068939038,.043833569,.028914696
147,.15091909,.20219257,.10600536,.15707536,.0093941465,.018651515,.02986194,.017269913,.041450854,.016835559,.042075235,.047125172,.019619251,.068796039,.043834724,.028893268
148,.1509012,.20239314,.10598742,.15712865,.0093982024,.018667061,.029915946,.017258827,.041357141,.01682573,.042060737,.047140032,.019601122,.068655811,.043836422,.028872572
149,.15089433,.20258439,.1059732,.15717126,.0094025806,.018682562,.029968409,.017247446,.04126209,.01681534,.042047113,.047158077,.019583339,.068518475,.043838609,.028852817
150,.15090038,.20276451,.10596299,.15720214,.0094072707,.018697979,.030019067,.017236035,.041166265,.016804438,.042034239,.04717895,.01956594,.068384454,.043841198,.028834166
151,.15092003,.20293292,.10595679,.15722081,.0094122477,.018713348,.030067677,.017224789,.041070409,.016793042,.042022001,.047202289,.019548941,.068253919,.043843985,.02881678
152,.1509548,.20308888,.10595471,.15722644,.009417478,.018728623,.030114006,.017213874,.040975086,.016781282,.042010237,.047227617,.019532252,.068127207,.043846682,.02880083
153,.15100521,.2032319,.10595645,.15721866,.0094229234,.018743761,.030157899,.017203441,.040881068,.016769286,.04199899,.047254473,.019515816,.068004668,.043849029,.028786447
154,.15107171,.20336096,.10596198,.15719733,.00942853,.018758615,.030199103,.017193578,.040789109,.016757242,.041988365,.047282409,.019499643,.067886584,.043850984,.028773841
155,.15115458,.20347676,.10597096,.15716179,.0094342586,.018773021,.030237341,.017184315,.04069981,.01674534,.041978471,.047310866,.019483654,.067773178,.043852445,.028763222
156,.15125382,.20357931,.10598342,.15711118,.00944003,.018786799,.030272467,.017175686,.040613867,.016733786,.041969318,.047339402,.019467799,.067664891,.043853331,.028754864
157,.15137009,.20366858,.10599907,.15704554,.0094457921,.018799735,.030304205,.017167641,.040531669,.016722806,.041960862,.047367483,.019452093,.067561902,.043853492,.028749045
158,.15150246,.20374562,.10601752,.15696447,.0094514647,.01881176,.030332267,.017160119,.040453922,.016712613,.041953124,.047394529,.019436454,.067464717,.043852888,.028746044
159,.15165135,.20381092,.10603824,.15686779,.0094569102,.018822886,.030356312,.017153068,.040381107,.016703306,.041946039,.047419935,.019420926,.067373738,.043851502,.028745987
160,.15181634,.20386575,.1060605,.15675564,.0094620073,.018833194,.03037595,.017146396,.040313732,.016694946,.041939441,.04744301,.019405451,.067289174,.043849375,.028749116
161,.15199699,.20391068,.10608409,.15662788,.0094666574,.018842826,.030390846,.01714012,.040252268,.016687579,.041933008,.047463287,.019389985,.067211576,.043846454,.028755726
162,.15219302,.20394714,.10610862,.15648477,.0094707422,.018851982,.03040057,.017134244,.040197086,.016681189,.041926347,.04748024,.019374467,.067141131,.043842625,.028765805
163,.15240474,.20397508,.10613409,.15632692,.0094741629,.018860823,.030404706,.017128747,.04014834,.016675793,.041918937,.047493674,.019358892,.067078009,.043837715,.02877938
164,.15263121,.2039959,.10616031,.15615453,.0094768293,.01886946,.03040288,.017123703,.040106282,.016671402,.041910503,.04750346,.019343242,.067022376,.043831572,.028796373
165,.15287234,.20401055,.10618737,.15596807,.0094786752,.018877834,.0303948,.017119151,.040070966,.016667942,.041900605,.047509637,.019327482,.066974089,.043823894,.028816627
166,.1531277,.20401913,.10621544,.15576831,.0094796168,.018885868,.030380284,.017115202,.040042475,.016665321,.041889023,.047512405,.019311603,.066933043,.043814622,.028839972
167,.15339673,.20402275,.10624447,.15555552,.0094796037,.018893356,.030359188,.017111981,.040020812,.016663471,.041875787,.047512114,.019295597,.066898808,.043803699,.028866129
168,.15367825,.20402208,.10627453,.15533087,.0094785606,.018900052,.030331366,.017109657,.040005762,.01666232,.041860793,.047509197,.019279458,.066871166,.043791194,.028894734
169,.15397204,.20401756,.10630552,.15509474,.0094764801,.018905763,.030296754,.017108478,.039997134,.016661791,.041844342,.047504067,.019263115,.06684947,.04377728,.028925469
170,.15427729,.20401029,.10633723,.15484802,.0094733136,.018910192,.030255338,.017108636,.039994564,.016661707,.041826375,.047497168,.019246528,.066833198,.043762155,.028957974
171,.15459298,.20400007,.10636973,.1545918,.0094690369,.018913139,.030207437,.017110454,.039997783,.016661938,.041807171,.047488898,.019229656,.066821881,.043746151,.028991919
172,.15491796,.20398839,.1064028,.15432665,.0094636017,.018914364,.030153438,.017114174,.040006291,.016662287,.041786797,.047479615,.019212462,.066814736,.043729465,.02902697
173,.15525134,.20397519,.10643651,.15405345,.0094569903,.018913774,.030093918,.01712002,.040019918,.016662575,.04176541,.047469568,.019194901,.066811241,.043712415,.029062817
174,.1555924,.203961,.10647062,.15377297,.009449183,.018911321,.030029528,.01712822,.040038284,.016662559,.041743115,.047458932,.01917699,.066810608,.043695208,.029099094
175,.15593979,.20394708,.10650478,.15348585,.0094402069,.018906983,.029961001,.017138928,.040061023,.016661977,.041720167,.047447909,.019158643,.066812225,.04367806,.029135399
176,.15629287,.2039334,.10653868,.15319304,.0094300816,.018900702,.029889161,.017152298,.040087763,.016660526,.041696887,.047436584,.019139882,.066815458,.043661263,.029171368
177,.15665054,.20392072,.10657211,.1528957,.0094188536,.018892411,.029814793,.017168352,.040118165,.016657839,.041673582,.047425088,.01912065,.06681972,.043644894,.02920655
178,.15701185,.20390938,.1066046,.15259442,.009406589,.018882047,.029738851,.017187085,.040151946,.01665361,.041650604,.04741345,.019100888,.066824667,.043629315,.029240681
179,.15737569,.20389986,.10663571,.15229014,.0093933307,.018869627,.029662091,.017208425,.040188879,.016647544,.04162829,.047401831,.019080533,.066829763,.043614674,.029273605
180,.15774125,.20389149,.1066654,.15198414,.0093791336,.018855216,.029585358,.017232252,.040228527,.016639417,.04160697,.047390345,.019059507,.066834733,.04360107,.029305222
181,.1581071,.20388471,.1066936,.15167674,.0093640387,.018839022,.02950942,.017258404,.040270485,.016629059,.04158698,.047379326,.019037766,.066839263,.043588601,.02933548
182,.1584723,.20387912,.10672008,.15136942,.0093481317,.018821286,.029434916,.017286675,.040314302,.01661635,.041568555,.047369126,.019015288,.066842981,.043577187,.029364262
183,.15883565,.20387474,.10674497,.15106246,.0093314797,.018802278,.029362539,.017316844,.040359478,.016601263,.041551929,.047360115,.018992063,.066845745,.043566816,.02939162
184,.15919611,.20387103,.10676807,.15075749,.0093141766,.018782256,.029292809,.01734863,.040405575,.016583759,.041537147,.047352701,.018968005,.066847086,.043557629,.029417528
185,.15955295,.20386823,.10678911,.15045437,.0092963194,.018761503,.029226219,.017381812,.04045229,.016563853,.041524418,.047347087,.018943124,.066846803,.043549806,.029442076
186,.15990476,.2038666,.10680792,.15015388,.0092779901,.018740341,.029163174,.017416136,.040499367,.016541604,.041513871,.047343366,.018917356,.066844679,.043543562,.029465379
187,.16025035,.20386656,.1068242,.14985687,.0092592584,.018719045,.029104017,.017451348,.040546548,.016516995,.041505512,.0473416,.018890742,.066840656,.043538943,.029487329
188,.16058934,.20386845,.10683761,.14956355,.0092401933,.018697951,.029049158,.017487211,.040593542,.016490059,.041499283,.047341853,.0188633,.066834383,.043536104,.029508024
189,.16092086,.20387322,.10684796,.1492741,.0092208581,.018677341,.028998854,.017523481,.040639896,.016460782,.041495111,.047344271,.018835016,.066825688,.043535095,.029527463
190,.16124465,.20388132,.10685475,.14898902,.0092013096,.018657504,.028953332,.01755996,.040685214,.016429113,.041492879,.047348905,.01880597,.066814452,.043535911,.029545708
191,.1615607,.20389363,.10685774,.14870843,.0091816252,.018638764,.028912807,.017596394,.040729016,.016394997,.041492499,.047355831,.018776119,.066800199,.043538496,.029562768
192,.16186872,.2039102,.10685664,.1484326,.0091618756,.018621461,.028877484,.017632598,.040770993,.016358376,.041493926,.047365099,.018745581,.066782884,.043542698,.02957882
193,.16216892,.20393138,.10685143,.14816147,.0091421586,.01860591,.028847534,.017668348,.040810671,.016319264,.041497052,.047376752,.018714465,.066762246,.043548424,.029593997
194,.16246179,.20395704,.10684215,.14789549,.0091225356,.018592374,.028823029,.017703464,.040847655,.016277606,.041501679,.047390711,.018682862,.066737987,.043555275,.029608307
195,.16274717,.20398748,.10682926,.14763372,.009103125,.018581215,.028803917,.017737746,.040881895,.016233493,.041507911,.047407139,.018651007,.066710144,.043563019,.029621763
196,.1630259,.20402253,.10681278,.14737633,.0090840301,.018572574,.028790001,.017770899,.04091318,.016186994,.041515756,.047425915,.018619055,.066678353,.043571338,.029634371
197,.163298,.20406237,.10679279,.14712253,.0090653691,.018566724,.028781097,.017802684,.040941622,.016138252,.041525409,.047447257,.018587189,.066642612,.043580011,.029646095
198,.16356423,.20410638,.10676947,.14687245,.0090472596,.018563842,.028776983,.017832847,.040967368,.016087452,.041536901,.047470979,.018555557,.066602528,.043588787,.029657014
199,.16382515,.20415494,.10674264,.14662522,.0090298252,.018564079,.028777516,.017861176,.040990639,.016034752,.041550189,.047497083,.018524269,.066557661,.043597538,.029667322
200,.1640811,.20420806,.10671239,.14638056,.0090132011,.018567545,.028782563,.01788751,.041011665,.015980342,.041565321,.047525391,.018493431,.066507712,.043605927,.029677305
201,.16433287,.20426528,.10667869,.14613837,.0089975167,.018574307,.028791917,.017911745,.04103063,.015924398,.041582283,.047555801,.018463114,.066452034,.043613736,.029687349
202,.1645813,.20432606,.10664196,.14589803,.0089829164,.018584441,.028805347,.017933847,.041047733,.015867157,.04160108,.047588196,.018433452,.066390149,.043620642,.029697742
203,.164827,.20439003,.10660234,.14565921,.0089695044,.018598009,.028822638,.017953821,.041063093,.015808782,.041621652,.047622483,.018404525,.066321693,.043626435,.029708795
204,.1650705,.2044567,.10656045,.1454213,.0089574168,.018615009,.028843479,.01797167,.041076954,.015749507,.04164388,.0476586,.018376427,.066246212,.043631092,.029720781
205,.1653122,.20452575,.10651698,.14518408,.0089467289,.018635331,.028867727,.017987501,.041089423,.01568944,.041667406,.047696255,.018349165,.066163383,.043634597,.029733969
206,.16555253,.20459743,.10647274,.14494687,.0089375554,.018658794,.028895279,.018001353,.041100565,.015628634,.041691747,.047735266,.01832273,.066072918,.043636978,.029748643
207,.16579197,.2046711,.10642853,.14470951,.0089299763,.018685067,.028925953,.018013384,.041110422,.015567178,.041716423,.047775414,.018297156,.065974601,.043638293,.029765058
208,.16603079,.2047471,.10638502,.14447169,.0089240624,.018713821,.028959526,.018023716,.041119024,.01550513,.04174095,.047816634,.018272454,.065868184,.043638512,.029783411
209,.16626929,.20482583,.10634294,.14423315,.0089198193,.01874467,.028995594,.018032487,.041126482,.015442533,.041764885,.047858752,.018248616,.065753594,.043637604,.029803703
210,.16650805,.20490725,.10630316,.14399356,.008917273,.018777192,.029033771,.018039845,.04113286,.015379479,.041787781,.047901932,.018225601,.065630719,.043635592,.029825957
211,.1667472,.20499147,.10626616,.14375274,.008916337,.018810976,.029073475,.018045884,.041138429,.015316074,.041809186,.047946267,.018203383,.065499596,.04363247,.029850287
212,.16698709,.2050786,.10623267,.14351049,.0089169452,.018845621,.029114136,.018050607,.041143354,.015252469,.041828591,.047992032,.018181913,.065360285,.043628372,.029876785
213,.1672271,.20516859,.1062033,.14326683,.0089189615,.018880848,.029155234,.01805402,.041147951,.015188806,.041845631,.048039477,.01816117,.065213107,.04362338,.029905608
214,.16746812,.20526138,.1061784,.14302085,.0089222118,.018916337,.029196249,.018056069,.041152351,.015125263,.041860159,.048088897,.018141057,.065058127,.043617561,.029936915
215,.16770919,.20535699,.10615869,.14277314,.0089264959,.018951859,.029236827,.018056624,.041156717,.015061933,.041871913,.048140623,.018121507,.064895794,.043610923,.029970774
216,.16795062,.20545502,.10614466,.14252289,.0089315996,.018987108,.029276708,.018055685,.041161247,.014998955,.041880876,.048194982,.018102409,.064726345,.043603621,.030007251
217,.16819167,.20555533,.10613686,.14227055,.0089372825,.019021815,.02931571,.018053239,.041165993,.014936431,.041886825,.048252147,.018083652,.064550288,.043595798,.030046366
218,.16843219,.20565778,.10613558,.14201604,.0089433054,.019055741,.029353797,.018049339,.041170724,.014874547,.041889638,.048312441,.018065166,.064367861,.043587752,.030088127
219,.16867176,.20576222,.10614099,.14175951,.0089494344,.019088702,.029390864,.018044112,.041175287,.014813452,.041889168,.048375987,.018046813,.06417951,.043579742,.030132474
220,.16890952,.20586842,.10615263,.14150114,.0089555141,.019120643,.029426992,.018037731,.041179575,.014753394,.04188526,.048443209,.018028513,.063985787,.043572184,.030179497
221,.169145,.20597661,.10617004,.1412416,.0089613562,.019151466,.029462118,.018030351,.041183498,.014694444,.041877743,.048514403,.018010173,.063786976,.043565158,.030229067
222,.1693776,.20608604,.10619281,.14098118,.0089668613,.019181093,.029496301,.0180222,.041187067,.014636736,.041866522,.048590057,.01799172,.063583575,.043559004,.030281203
223,.1696067,.20619678,.1062201,.1407205,.0089719025,.019209402,.029529521,.018013511,.041190341,.014580304,.041851565,.048670541,.017973151,.063375883,.043553993,.030335784
224,.16983162,.20630804,.10625125,.14046006,.008976426,.019236268,.029561747,.018004557,.041193273,.0145252,.041833036,.048756327,.017954437,.063164368,.043550611,.030392732
225,.17005125,.20642005,.10628594,.14020033,.0089803673,.019261641,.02959292,.01799565,.041195795,.014471402,.041811064,.048847605,.017935565,.062949456,.043549124,.030451896
226,.17026538,.20653221,.10632329,.13994193,.0089837126,.019285491,.029622952,.017987182,.041197781,.014418869,.041785814,.048944525,.01791651,.062731408,.043549936,.030513044
227,.17047323,.20664395,.10636338,.13968556,.0089864647,.019307872,.029651871,.017979521,.041199204,.014367618,.0417573,.049047053,.017897271,.062510632,.043553144,.030575914
228,.17067418,.20675538,.10640562,.13943177,.0089886701,.019328935,.02967969,.017972978,.041200195,.014317737,.041725423,.049155004,.017877845,.062287375,.043558929,.030640228
229,.17086771,.20686591,.1064496,.13918126,.0089903716,.019348824,.029706545,.017967895,.041200995,.014269296,.04169016,.049268175,.017858237,.062061962,.043567337,.030705735
230,.17105357,.20697561,.10649458,.13893381,.0089916475,.019367766,.029732564,.01796452,.041201897,.014222411,.041651331,.049386296,.017838389,.06183492,.043578513,.030772131
231,.17123124,.20708393,.10653985,.13869029,.0089925621,.019386033,.029758079,.017963139,.041203022,.01417712,.041608989,.049509116,.017818216,.061606567,.043592501,.030839305
232,.17140076,.20719053,.10658452,.13845079,.0089932196,.019403968,.02978337,.017963972,.041204579,.014133471,.041563291,.049636178,.017797662,.061377198,.04360937,.030907134
233,.17156148,.20729424,.10662811,.1382158,.0089937057,.019421978,.029808819,.01796731,.04120665,.014091477,.041514475,.049767274,.017776657,.06114728,.043629162,.030975614
234,.17171359,.20739494,.10667004,.13798574,.0089940764,.019440329,.029834766,.017973296,.041209254,.014051075,.041462809,.049901877,.017755093,.060916863,.043651558,.031044673
235,.1718567,.20749258,.10670978,.13776085,.0089943986,.019459238,.02986151,.017982204,.041212421,.014012209,.041408774,.050039537,.017732952,.060686119,.043676488,.031114228
236,.17199139,.20758671,.10674679,.13754156,.0089947386,.019478913,.029889306,.017994238,.041216176,.013974822,.041352719,.050179627,.01771011,.060455091,.043703634,.031184172
237,.17211726,.20767801,.10678028,.13732831,.0089951772,.019499581,.029918427,.018009586,.04122062,.013938846,.041295145,.050321341,.017686533,.060223885,.043732904,.031254049
238,.17223479,.20776749,.10680939,.13712125,.0089957491,.019521514,.029949076,.018028418,.041225959,.013904204,.041236378,.05046377,.017662138,.059992507,.043763936,.031323448
239,.17234373,.20785651,.10683344,.13692042,.0089965472,.019545101,.029981516,.018050835,.041232489,.013870724,.041176729,.050606091,.017636893,.05976085,.043796547,.031391636
240,.17244433,.20794608,.10685176,.13672623,.0089976359,.019570667,.030015752,.01807693,.041240305,.013838205,.041116249,.050747491,.01761077,.059528928,.043830633,.031458009
241,.1725367,.20803802,.10686404,.13653854,.0089990823,.019598544,.030051775,.018106703,.041249532,.013806444,.041054912,.050887238,.017583728,.059296545,.043866161,.031521995
242,.17262049,.2081331,.10687007,.1363578,.0090009626,.019628998,.03008946,.018140202,.04126028,.013775236,.040992558,.051024769,.017555797,.059063517,.043903459,.031583264
243,.1726961,.20823219,.10686998,.13618408,.0090033337,.019662239,.030128716,.018177401,.041272562,.013744453,.040928885,.051159404,.017527008,.058829553,.043942794,.031641331
244,.17276271,.20833676,.10686371,.13601772,.0090062562,.019698374,.030169442,.018218279,.041286398,.013713963,.040863689,.05129059,.017497389,.058594577,.043984402,.031695768
245,.1728209,.20844708,.10685139,.13585868,.0090097804,.019737473,.030211709,.018262902,.041301876,.013683761,.040796876,.051417734,.017467029,.058358297,.044028472,.031746078
246,.17286961,.20856351,.10683329,.13570787,.0090139862,.019779595,.030255577,.018311376,.041319109,.013653798,.04072836,.051540248,.017436031,.058120769,.044075083,.03179175
247,.17290857,.20868692,.1068097,.1355651,.0090189427,.019824661,.030300954,.018363811,.041338321,.013624107,.040658325,.051657628,.017404506,.057882056,.044124179,.031832233
248,.17293689,.20881787,.10678074,.1354312,.0090247039,.019872487,.030347822,.018420301,.041359682,.013594732,.04058703,.051769365,.017372578,.05764208,.044175532,.031866971
249,.17295378,.208957,.10674667,.13530628,.0090313293,.019922936,.030396177,.018480927,.041383646,.013565792,.040514767,.0518751,.017340342,.057400957,.04422896,.031895291
250,.17295802,.20910524,.10670745,.13519092,.0090388823,.01997578,.030446038,.018545732,.041410521,.013537432,.040441908,.051974569,.017307969,.05715872,.044284236,.031916607
251,.17294806,.20926318,.10666316,.13508546,.0090474263,.020030905,.030497408,.018614763,.04144061,.01350988,.040368721,.05206757,.017275542,.056915775,.044341147,.031930391
252,.17292278,.20943142,.10661401,.13499026,.009057058,.020088136,.03055035,.018687988,.041474205,.013483258,.040295441,.052154079,.017243195,.056672409,.044399358,.031936105
253,.17288069,.2096094,.10656052,.13490619,.0090678595,.020147283,.03060496,.018765332,.041511629,.013457703,.040222291,.05223396,.01721104,.056429114,.044458542,.031933479
254,.17282014,.20979793,.10650298,.13483347,.0090799276,.020208102,.030661365,.018846715,.041553207,.013433208,.04014942,.052307367,.017179221,.056186534,.044518266,.031922143
255,.1727396,.20999594,.10644218,.13477294,.0090933526,.020270256,.030719846,.018932015,.041599285,.013409863,.040076934,.052374363,.01714791,.055945348,.044578005,.031902123
256,.17263719,.21020395,.10637887,.13472492,.0091082053,.020333417,.030780528,.019021075,.041650221,.013387722,.040004924,.052435048,.017117264,.055706155,.044637188,.03187339
257,.17251116,.21042104,.10631359,.13469,.0091245687,.020397224,.030843861,.019113693,.041706238,.013366892,.03993354,.05248965,.017087452,.055469733,.044695303,.031836063
258,.17236009,.21064657,.10624703,.1346686,.0091425329,.02046131,.030910127,.019209674,.041767631,.013347508,.039862934,.052538142,.01705862,.05523679,.044752002,.031790413
259,.1721821,.21088025,.10617952,.13466173,.0091621513,.020525308,.030979613,.01930883,.041834507,.013329618,.039793178,.052580729,.017030949,.05500799,.044806987,.031736571
260,.17197613,.2111215,.1061115,.13466929,.0091834767,.020588884,.031052465,.019411001,.041907094,.013313228,.039724469,.052617639,.01700459,.054784071,.044859916,.031674735
261,.17174105,.21137004,.10604308,.13469186,.0092065549,.020651765,.031128803,.019516055,.041985646,.0132982,.039657008,.052649297,.016979679,.054565426,.044910625,.031604871
262,.1714763,.21162586,.10597426,.13472943,.0092314035,.020713668,.031208625,.019623768,.042070273,.013284388,.039591078,.052676234,.01695635,.054352555,.044958938,.031526916
263,.17118047,.21188909,.105905,.1347823,.0092580598,.020774432,.031291846,.019733995,.042160984,.013271566,.039527033,.052699018,.016934782,.054145738,.045004901,.031440813
264,.17085344,.2121598,.1058349,.13485055,.0092865136,.020833848,.0313785,.019846532,.042257745,.013259481,.039465331,.052718107,.01691507,.053945281,.045048431,.0313465
265,.1704949,.21243824,.10576359,.13493381,.0093167471,.020891812,.031468503,.019961264,.042360604,.013247818,.039406333,.052734159,.016897339,.053751279,.045089617,.031244045
266,.17010494,.21272387,.10569048,.13503201,.0093487073,.020948309,.031561852,.020078106,.042469651,.013236224,.039350521,.052747786,.01688176,.053563934,.04512829,.031133574
267,.16968423,.21301648,.10561516,.13514505,.0093822852,.02100333,.031658478,.020196954,.042584974,.013224344,.039298031,.052759431,.016868461,.053383071,.045164347,.031015402
268,.1692331,.21331584,.10553738,.13527226,.0094173951,.02105689,.031758379,.020317724,.042706765,.013211858,.039248876,.052769724,.016857533,.053208612,.045197804,.030889787
269,.16875309,.21362153,.10545675,.13541289,.009453916,.021109017,.031861417,.02044037,.042835195,.013198478,.03920307,.05277906,.016849039,.053040434,.045228612,.03075717
270,.1682453,.21393225,.10537271,.13556665,.009491751,.02115971,.031967487,.020564845,.042970505,.013183974,.039160363,.052788027,.016843047,.052878369,.045256834,.030618189
271,.16771166,.21424726,.10528521,.1357321,.0095307715,.021209082,.032076232,.020691039,.04311277,.013168152,.039120682,.052797131,.016839545,.052722264,.045282647,.030473495
272,.16715458,.21456523,.10519398,.13590816,.0095708575,.021257216,.032187223,.020818807,.043261781,.013150834,.039083876,.052806903,.016838536,.052571844,.045306236,.030323936
273,.16657683,.21488459,.10509928,.13609329,.0096118962,.02130419,.032299906,.020947933,.043417215,.013131917,.03904992,.052817862,.016839955,.052426875,.045327738,.030170577
274,.16598164,.21520464,.10500135,.1362856,.0096537275,.021350006,.032413572,.021078082,.043578357,.013111314,.039018933,.052830335,.016843691,.052286997,.045347307,.030014414
275,.16537234,.21552335,.10490075,.13648327,.0096962247,.021394802,.032527462,.02120894,.043744527,.013088998,.038991027,.052844785,.016849585,.052151877,.045365158,.029856876
276,.16475348,.21583942,.10479791,.13668369,.0097392043,.021438584,.032640684,.02134004,.043914761,.013064974,.038966361,.052861501,.016857389,.052021168,.045381416,.029699396
277,.16412956,.21615116,.10469327,.13688424,.0097825024,.021481512,.032752238,.02147078,.044088252,.013039276,.038944986,.052880988,.016866805,.05189449,.045396283,.0295437
278,.16350578,.21645549,.10458762,.13708192,.0098259263,.02152382,.032861188,.021600481,.044264156,.013012,.038926944,.052903697,.016877525,.051771566,.045410104,.029391784
279,.16288698,.2167509,.10448135,.13727452,.0098692868,.021565758,.032966558,.021728456,.044441726,.012983169,.038912065,.052929789,.016889168,.051651925,.045423232,.029245162
280,.16227691,.21703582,.10437523,.13745916,.0099123698,.021607516,.033067618,.021854173,.044620365,.012952825,.038900357,.052959606,.016901437,.051535334,.045436032,.029105222
281,.16167946,.21730886,.1042695,.13763444,.0099549945,.02164921,.033163637,.021977158,.044799335,.012920974,.038891762,.052993219,.016914003,.051421355,.045448918,.028973214
282,.16109763,.21756966,.10416472,.13779831,.0099969665,.021690866,.033254173,.022096986,.044977963,.012887546,.038886078,.053030565,.0169266,.051309556,.045462169,.028850179
283,.16053455,.2178168,.10406131,.13794984,.010038137,.021732431,.033339001,.02221333,.045155656,.012852448,.038883124,.053071566,.016938977,.051199596,.045476194,.028737055
284,.15999272,.21805021,.10395963,.13808765,.010078357,.021773756,.033418264,.022325974,.045331828,.012815557,.038882423,.053116024,.016950935,.051091071,.045491029,.028634548
285,.1594743,.21826924,.10386012,.13821107,.010117521,.021814698,.033492118,.02243476,.04550612,.012776773,.038883489,.053163752,.016962251,.050983783,.045506943,.028543018
286,.15898153,.21847311,.10376309,.13831985,.010155501,.021855051,.033560921,.022539603,.045678254,.012736042,.038885601,.053214468,.016972782,.050877411,.045524042,.028462717
287,.15851566,.21866171,.10366891,.13841312,.010192204,.021894664,.033625085,.022640467,.045847975,.012693443,.038888413,.053268082,.016982399,.050771691,.045542493,.028393716
288,.15807785,.21883483,.10357749,.138491,.010227519,.021933304,.033684976,.022737293,.046014994,.01264914,.038891487,.053324446,.016990967,.050666336,.045562297,.028336067
289,.15766889,.21899177,.10348938,.13855305,.010261398,.021970939,.033741035,.022830153,.046179,.01260332,.038894851,.053383451,.016998418,.050561093,.045583535,.02828978
290,.15728973,.21913202,.10340477,.13859895,.010293785,.02200756,.033793632,.022919035,.046339642,.0125562,.038898498,.053444952,.01700473,.050455667,.045605987,.02825487
291,.15694042,.21925592,.10332391,.1386292,.010324615,.0220432,.033843037,.023004014,.046496384,.01250796,.038902458,.05350874,.017009836,.050349619,.045629427,.028231297
292,.15662088,.2193632,.10324726,.13864358,.010353908,.022077974,.033889476,.023085171,.046648804,.01245879,.03890698,.053574704,.017013792,.050242789,.045653619,.02821907
293,.15633102,.21945477,.10317478,.13864221,.010381598,.022111911,.033933219,.023162613,.046796232,.012408829,.038912088,.053642631,.01701664,.050134934,.045678511,.028218066
294,.1560711,.21953119,.10310664,.13862519,.010407653,.02214507,.03397448,.02323647,.046937838,.012358215,.038917881,.053712308,.017018413,.050025668,.04570384,.02822803
295,.15584043,.21959342,.10304276,.13859308,.010432049,.022177408,.034013677,.023306824,.047072999,.01230709,.038924456,.053783413,.017019177,.049914826,.045729697,.028248714
296,.15563862,.21964309,.10298304,.13854566,.010454768,.022208776,.034051105,.023373894,.047200985,.012255627,.038931772,.053855684,.017018951,.04980224,.045756098,.028279664
297,.15546522,.21968102,.10292748,.13848372,.010475808,.022239044,.034087107,.023437757,.047321334,.012203971,.038939837,.053928826,.017017785,.049687672,.045783032,.028320365
298,.15531985,.21970809,.10287607,.13840756,.010495169,.022268124,.034121878,.023498505,.047433801,.012152326,.038948532,.054002482,.017015742,.049571201,.045810509,.02837019
299,.15520161,.21972598,.10282882,.13831748,.010512864,.022296013,.034155559,.023556156,.047538295,.012100879,.038957652,.05407615,.017012831,.0494528,.045838583,.028428378
300,.15511028,.21973577,.10278527,.13821393,.010528955,.022322709,.034188237,.023610758,.047635127,.012049837,.038966928,.05414921,.017009109,.049332436,.045867261,.028494162
301,.15504488,.21973826,.10274537,.13809824,.010543483,.022348246,.034220133,.023662239,.047724608,.011999355,.038976032,.05422103,.017004663,.049210165,.045896612,.028566672
302,.15500492,.21973611,.10270821,.13797024,.01055653,.022372656,.034251403,.023710618,.047807183,.011949562,.038984645,.054290868,.016999552,.049085848,.045926549,.028645068
303,.15498979,.21973015,.10267311,.13783158,.010568171,.022396063,.034282334,.023755832,.047883321,.011900474,.03899255,.054357886,.016993808,.048959367,.045956898,.028728608
304,.15499847,.21972318,.10263921,.13768244,.010578483,.022418603,.034313239,.023797888,.047953546,.011852119,.038999416,.054421205,.016987467,.048830699,.045987487,.028816625
305,.15503,.21971633,.10260586,.13752382,.01058759,.022440491,.034344383,.023836803,.048018314,.011804519,.039005045,.05448021,.016980555,.048699617,.04601799,.028908432
306,.15508315,.21971075,.10257284,.13735701,.010595594,.022461846,.034376148,.023872597,.048077993,.011757717,.039009377,.054534085,.016973082,.048566155,.046048209,.029003466
307,.15515681,.21970822,.10253987,.1371821,.010602608,.02248287,.034408849,.023905382,.04813277,.011711777,.039012201,.054582261,.016965037,.04843026,.046077948,.029101074
308,.15524922,.21970998,.10250697,.13700043,.010608711,.022503665,.034442741,.023935204,.048182894,.011666812,.039013334,.054624043,.016956439,.048292056,.04610689,.02920061
309,.15535921,.21971682,.10247418,.13681276,.01061404,.022524439,.034478091,.023962306,.048228662,.011622974,.039012462,.054658938,.016947234,.048151501,.046134934,.02930147
310,.15548481,.2197305,.10244137,.13661997,.010618721,.022545358,.034514911,.023986915,.048270274,.011580347,.039009385,.054686431,.016937399,.048008684,.046161883,.029403092
311,.15562437,.21975246,.10240815,.13642322,.010622923,.022566607,.034553211,.024009248,.048307981,.011539005,.039003909,.054705985,.016926868,.047863528,.046187676,.029504882
312,.15577684,.21978365,.10237434,.13622361,.010626812,.022588328,.034592897,.024029583,.048342075,.011498949,.038995981,.054717138,.016915537,.047716033,.046212122,.029606095
313,.15594029,.21982549,.10233965,.13602182,.010630547,.022610668,.034633987,.024048282,.048373051,.011460246,.038985554,.054719362,.016903307,.047566175,.046235334,.029706201
314,.15611345,.21987996,.10230322,.13581932,.010634286,.022633703,.03467631,.024065528,.048401367,.011422848,.038972348,.054712147,.016890056,.047413941,.046257067,.029804461
315,.15629464,.2199484,.10226473,.13561694,.010638175,.022657642,.034719739,.024081632,.048427518,.011386774,.038956162,.054694951,.016875684,.047259342,.046277381,.029900273
316,.15648326,.22003245,.10222355,.13541517,.010642322,.022682693,.034764227,.024096878,.048452079,.011351955,.038936723,.054667246,.01686009,.04710225,.046296127,.029992966
317,.15667777,.2201333,.10217954,.13521495,.010646804,.022709066,.03480966,.024111487,.048475489,.011318289,.038913909,.054628443,.016843209,.046942718,.046313461,.030081842
318,.15687747,.22025253,.10213246,.13501647,.010651727,.022736993,.034856055,.024125718,.048498228,.011285723,.038887523,.054577913,.016824951,.046780787,.046329349,.030166065
319,.15708144,.22039044,.10208264,.13482043,.010657117,.022766663,.034903504,.024139719,.048520729,.011254172,.038857583,.054515149,.016805232,.046616517,.046343818,.030244861
320,.15728846,.22054838,.1020302,.13462657,.010663033,.022798147,.034952275,.024153793,.048543416,.011223637,.038824067,.054439668,.016784012,.046450064,.046356779,.030317524
321,.15749854,.22072588,.10197558,.13443509,.010669499,.022831514,.035002626,.024168115,.048566546,.011194098,.038787041,.054351196,.016761212,.046281531,.046368118,.030383417
322,.15771036,.22092411,.10191844,.13424614,.010676525,.022866711,.035054918,.024182968,.048590466,.011165569,.038746677,.054249451,.016736824,.046111085,.046377726,.030442012
323,.15792356,.22114344,.10185854,.13405943,.010684089,.02290361,.035109472,.02419867,.048615523,.011137966,.038703196,.054134335,.016710838,.045938835,.046385404,.03049311
324,.15813763,.22138323,.10179526,.13387524,.010692216,.022942005,.035166621,.024215508,.04864211,.011111245,.038657062,.054006007,.01668328,.045764856,.04639117,.03053651
325,.15835229,.22164358,.10172815,.13369337,.01070085,.022981737,.035226684,.024233768,.048670437,.011085339,.038608592,.053864632,.016654162,.045589279,.046394818,.030572275
326,.15856664,.22192414,.10165691,.13351376,.010709941,.023022702,.035289947,.024253776,.048700634,.011060233,.038558196,.053710457,.016623609,.045411997,.04639639,.030600641
327,.15878087,.22222395,.10158148,.13333584,.01071942,.023064844,.0353566,.024275752,.048732724,.011035932,.038506262,.05354397,.016591705,.045232866,.046395797,.030621942
328,.15899473,.22254239,.10150201,.13315965,.010729212,.023108052,.035426788,.024299897,.048766639,.011012493,.038453065,.053365365,.016558517,.045051552,.04639316,.030636445
329,.15920801,.22287875,.10141896,.13298446,.010739283,.023152273,.035500541,.024326393,.048802212,.010990058,.038398929,.053175244,.016524184,.044867814,.046388458,.030644383
330,.15941983,.22323318,.10133274,.13281007,.01074953,.023197405,.035577819,.024355343,.048839372,.010968772,.038344115,.052974205,.016488831,.044681303,.046381384,.030646052
331,.15963072,.22360393,.10124407,.13263594,.010759942,.023243513,.035658631,.024386862,.048878051,.010948801,.038288757,.052763056,.016452596,.04449188,.046371702,.030641582
332,.15984024,.22399056,.1011533,.13246194,.01077046,.02329061,.035742845,.024421016,.048918225,.010930235,.038232911,.052542541,.016415678,.044299383,.046358902,.030631136
333,.16004793,.22439241,.10106098,.13228765,.010781061,.023338782,.035830505,.024457902,.048959792,.010913138,.03817657,.052313674,.016378311,.044103771,.046342619,.030614855
334,.16025372,.22480826,.10096776,.13211285,.010791712,.023388077,.03592167,.024497688,.049002782,.01089749,.038119648,.052077349,.016340705,.043905079,.046322353,.030592922
335,.16045742,.22523701,.10087345,.13193707,.01080242,.023438537,.036016412,.024540549,.04904734,.010883179,.038062286,.051834606,.016303189,.043703306,.046297707,.03056548
336,.16065867,.22567786,.10077827,.13176031,.010813142,.023490237,.036114756,.024586659,.049093354,.010870092,.038004663,.051586568,.016266093,.043498613,.046268106,.030532625
337,.16085663,.22612886,.10068244,.13158242,.010823836,.023543153,.036216725,.024636239,.049140915,.010858119,.037947092,.051334385,.016229916,.043291334,.046233367,.030494602
338,.16105123,.22658816,.10058577,.13140306,.010834459,.023597317,.036322277,.02468941,.049189806,.010847175,.03788998,.051079303,.016195171,.043081932,.046193376,.030451551
339,.16124143,.22705446,.10048851,.13122244,.010844926,.02365269,.036431268,.024746284,.049239822,.010837224,.037833422,.050822441,.016162423,.042870887,.04614801,.030403778
340,.16142657,.22752598,.10039055,.13104053,.010855195,.023709314,.036543671,.024806945,.049290575,.010828251,.037777588,.050564822,.016132124,.042658947,.046097349,.030351613
341,.16160613,.22800075,.10029197,.13085766,.010865208,.023767242,.036659203,.024871349,.049341924,.010820247,.037722424,.05030743,.016104711,.042446975,.046041321,.030295502
342,.16177893,.22847754,.10019278,.13067415,.010874906,.023826621,.036777508,.024939479,.049393594,.010813196,.037667908,.050051145,.016080486,.04223597,.045979999,.030235855
343,.16194382,.22895487,.10009301,.13049038,.010884226,.023887536,.036897987,.025011206,.049445499,.010807045,.037613999,.049796775,.016059678,.042027012,.045913719,.030173272
344,.16210024,.22943185,.099992469,.13030685,.010893118,.023949973,.037019875,.025086313,.049497552,.010801699,.037560597,.049545012,.016042383,.041821152,.045842674,.030108286
345,.16224727,.22990684,.099890836,.13012402,.010901501,.024013981,.037142504,.025164589,.049549818,.010797011,.037507679,.049296662,.016028706,.041619617,.045767479,.030041507
346,.16238457,.23037939,.099787436,.12994234,.01090928,.024079502,.037265126,.025245691,.049602158,.0107928,.037454959,.049052473,.016018623,.041423526,.045688547,.029973598
347,.16251108,.2308484,.099681914,.12976235,.010916393,.024146477,.037387099,.025329219,.049654625,.010788968,.037402399,.048813246,.016012093,.041234165,.045606252,.02990526
348,.16262718,.23131226,.099573866,.12958464,.010922777,.024214756,.03750784,.025414774,.049707349,.010785447,.037349924,.04857973,.016009007,.041052684,.045520727,.029837111
349,.16273233,.2317702,.099462911,.12940949,.01092838,.024284108,.037626777,.025501957,.04976023,.010782258,.037297629,.048352595,.016009202,.040880192,.045431901,.029769802
350,.16282654,.23222083,.099349029,.12923743,.010933163,.024354378,.037743431,.025590388,.049813159,.01077952,.037245728,.048132442,.016012497,.040717777,.0453397,.029704005
351,.16291003,.23266274,.099232048,.12906849,.010937152,.024425263,.037857331,.025679708,.049865942,.010777347,.037194561,.047919858,.016018676,.040566288,.045244217,.029640349
352,.16298342,.23309454,.099111952,.12890297,.010940306,.024496581,.037967943,.025769627,.049918391,.01077586,.037144415,.047715206,.016027438,.040426571,.045145575,.029579248
353,.16304716,.23351464,.098988779,.12874104,.010942622,.024568032,.038074836,.025859857,.049970355,.01077514,.037095632,.047518898,.016038509,.0402992,.045044251,.029521056
354,.16310152,.23392197,.098862886,.12858269,.010944109,.024639307,.038177609,.025950192,.050021831,.010775239,.03704863,.04733118,.016051523,.040184584,.044940781,.029465942
355,.16314763,.23431547,.098734215,.12842795,.010944739,.024710167,.03827576,.026040364,.050072771,.010776178,.037003726,.047152109,.01606614,.040083058,.044835746,.029413955
356,.16318636,.23469362,.098603033,.12827678,.010944467,.024780491,.038369134,.026130192,.050123315,.010778015,.036961399,.046981584,.01608197,.039994769,.044729654,.02936524
357,.16321817,.23505613,.098469719,.12812875,.010943293,.024850195,.038457621,.026219394,.050173692,.010780775,.036921851,.04681915,.016098628,.039919678,.044622939,.029320002
358,.16324425,.23540148,.098334916,.12798387,.010941148,.024919219,.038541134,.026307747,.050224271,.010784513,.036885232,.046664443,.016115732,.039857689,.044515848,.029278522
359,.16326566,.23572893,.098199457,.12784144,.010938055,.024987506,.038619742,.026394987,.050275385,.010789169,.036851637,.046516865,.016132902,.039808478,.044408552,.029241228
360,.16328387,.23603778,.098064028,.12770131,.010934028,.025054986,.038693618,.026480936,.050327137,.010794654,.036820788,.046375871,.016149707,.039771631,.044301063,.029208587
361,.1632998,.23632839,.097929195,.12756282,.01092909,.025121484,.038763102,.026565377,.05037969,.010800835,.036792405,.046240877,.016165785,.039746616,.044193558,.029180977
362,.16331531,.23660026,.097795606,.12742549,.010923355,.025186749,.038828425,.026648162,.050433319,.010807497,.03676594,.046111438,.016180787,.039732613,.04408624,.029158795
363,.16333163,.23685421,.097663619,.12728897,.010916927,.025250381,.038890012,.026729148,.050488073,.010814424,.03674091,.045987017,.016194385,.039728783,.043979321,.029142166
364,.16334996,.23709142,.09753374,.12715255,.010909919,.025311973,.038948309,.026808251,.050544277,.010821446,.036716588,.045867033,.016206292,.039734073,.043873068,.029131124
365,.16337238,.2373122,.097406194,.12701595,.010902481,.025371181,.039003685,.026885364,.050602004,.010828361,.0366924,.04575095,.016216276,.039747335,.043767624,.02912562
366,.16340028,.23751755,.097281151,.12687866,.010894789,.025427669,.039056543,.026960466,.050661493,.010835066,.036667842,.045638129,.016224181,.039767392,.043663234,.02912554
367,.16343461,.23770799,.097158708,.12674071,.010887045,.025481205,.03910717,.027033493,.050723005,.010841457,.036642615,.045527946,.016229868,.039793126,.043560144,.029130882
368,.16347717,.23788418,.097038783,.12660155,.010879437,.025531556,.039155684,.027104456,.0507867,.010847445,.036616515,.045419831,.01623318,.039823536,.043458357,.029141633
369,.16352884,.23804656,.096921369,.12646127,.010872151,.025578456,.039202221,.027173391,.050852537,.010852871,.036589548,.045313459,.016234053,.039857786,.043357659,.029157853
370,.16359037,.23819563,.0968064,.12631957,.010865345,.02562183,.039247014,.027240347,.050920408,.010857639,.036561698,.045208551,.01623242,.039895147,.043257974,.029179648
371,.16366245,.23833194,.096693739,.12617628,.010859171,.025661614,.039290302,.027305393,.050989795,.010861625,.036533147,.045104846,.016228238,.039935037,.043159239,.029207181
372,.16374533,.23845625,.09658321,.12603134,.010853712,.025697852,.039332245,.027368607,.051060144,.01086473,.036504127,.04500223,.016221505,.039976869,.043061502,.029240368
373,.16383906,.2385691,.096474499,.12588467,.010849075,.025730692,.039372966,.027430145,.051130906,.010866855,.036474898,.044900462,.016212272,.040020242,.042965066,.0292791
374,.16394342,.2386719,.096367441,.125736,.010845297,.025760295,.03941248,.027490007,.051201742,.010867869,.036445718,.044799384,.016200615,.04006476,.042870142,.029322937
375,.16405763,.23876573,.096261829,.12558526,.010842445,.025786676,.039450921,.0275483,.051272463,.010867695,.036416713,.04469889,.016186688,.040109958,.04277724,.02937156
376,.16418099,.23885186,.09615761,.12543255,.010840524,.025809707,.03948823,.027605111,.051342834,.010866276,.036387943,.044598833,.01617066,.040155433,.042686857,.029424552
377,.16431253,.23893246,.096054576,.1252777,.010839529,.025829228,.039524313,.027660444,.051412739,.01086357,.036359385,.044499107,.016152684,.040200908,.042599332,.02948148
378,.16445157,.23900925,.095952384,.12512068,.010839415,.02584492,.039559156,.027714306,.051482111,.01085958,.036331061,.04439966,.016132962,.040246014,.04251495,.029542016
379,.16459644,.23908387,.0958509,.12496153,.010840131,.025856614,.039592758,.027766697,.051550958,.010854324,.03630295,.044300489,.016111733,.040290613,.04243407,.029605962
380,.16474637,.23915839,.095749833,.12479977,.010841588,.025864057,.039625119,.027817555,.051619232,.010847834,.03627491,.044201519,.016089205,.040334392,.042357001,.029673204
381,.16489968,.23923486,.095648915,.12463554,.01084372,.025867123,.039656281,.027866816,.051686827,.010840121,.036246907,.044102833,.016065581,.040377002,.042284202,.029743616
382,.16505553,.23931439,.095547855,.12446896,.010846445,.02586573,.039686155,.027914522,.051753592,.010831169,.036218766,.044004545,.016041094,.040418211,.042215928,.029817076
383,.16521251,.23939951,.095446482,.12429991,.010849651,.025860028,.039714504,.027960692,.05181922,.010820955,.036190312,.043906949,.016015962,.04045758,.042152401,.02989332
384,.16536961,.23949143,.095344372,.12412892,.0108533,.025850255,.039741088,.028005406,.051883385,.010809503,.036161423,.043810312,.015990423,.040494852,.04209369,.029972039
385,.16552559,.23959208,.09524145,.12395603,.010857302,.025836661,.039765522,.028048722,.051945694,.010796856,.03613193,.043715093,.015964665,.040529605,.042039994,.030052796
386,.16567953,.23970194,.095137663,.12378164,.010861587,.025819488,.039787512,.028090715,.052005854,.010783126,.036101714,.043622047,.015938904,.040561613,.041991416,.030135242
387,.16583028,.23982215,.095033087,.12360596,.01086609,.025798978,.03980663,.028131485,.052063353,.010768458,.036070801,.043531813,.015913369,.040590588,.041948102,.030218868
388,.16597703,.23995334,.094927691,.12342931,.010870758,.025775328,.039822631,.028171068,.052117825,.010753018,.03603911,.043445192,.015888218,.040616196,.041910052,.030303204
389,.16611917,.24009563,.094821796,.12325201,.010875515,.025748761,.039835382,.02820953,.052168578,.010736998,.0360066,.043362971,.01586364,.040638193,.041877232,.03038796
390,.16625553,.2402501,.094715446,.12307422,.010880352,.025719443,.039844815,.02824696,.052215133,.0107206,.035973147,.043285884,.015839759,.040656153,.041849621,.030472826
391,.16638608,.24041629,.094608761,.12289608,.010885273,.025687456,.039850906,.028283462,.052256737,.010704122,.035938762,.043214738,.015816726,.040669806,.041827202,.030557575
392,.16651057,.24059387,.094501644,.12271796,.010890312,.025652969,.039853722,.028319014,.052292988,.010687936,.035903346,.043150257,.015794678,.040678892,.041809864,.030641973
393,.16662805,.24078335,.09439414,.12253991,.01089551,.025616016,.039853286,.028353563,.052323397,.01067248,.03586695,.04309291,.015773656,.040683217,.04179772,.030725826
394,.16673942,.24098337,.094286241,.12236202,.010900922,.025576709,.039849699,.028386913,.052347537,.010658197,.035829503,.0430432,.015753793,.040682819,.041790698,.030808972
395,.16684449,.2411941,.094178177,.12218449,.010906595,.025534946,.039843075,.028418837,.052364938,.010645484,.035790965,.043001249,.015735092,.040677562,.041788723,.030891309
396,.16694312,.2414154,.094070435,.12200711,.010912595,.025490634,.039833523,.028449144,.05237516,.010634765,.035751212,.04296729,.015717629,.04066762,.041791659,.030972688
397,.1670364,.24164659,.093963347,.12182976,.010918963,.025443606,.039821092,.028477583,.052377891,.010626408,.03571007,.042941391,.01570149,.040653225,.041799221,.031052977
398,.16712421,.24188755,.09385705,.12165271,.010925765,.025393719,.039805867,.028503941,.05237285,.010620817,.035667494,.04292354,.015686717,.040634658,.041810945,.03113215
399,.16720767,.24213764,.09375181,.12147576,.01093312,.025340946,.039787751,.028527971,.052359797,.010618281,.035623357,.042913623,.015673313,.040612247,.041826323,.03121035
400,.16728747,.24239647,.093647376,.12129913,.010941123,.025285333,.039766893,.028549369,.052338593,.010619083,.035577666,.042911503,.015661288,.040586397,.041844685,.031287603
401,.16736487,.24266362,.093543299,.12112273,.010949891,.025227068,.039743349,.028567862,.052309103,.010623408,.035530433,.042916946,.015650569,.040557452,.041865401,.03136405
402,.16744082,.24293821,.093438961,.12094679,.010959489,.02516634,.039717272,.028583253,.052271392,.010631433,.035481937,.042929664,.015641121,.040525742,.041887879,.031439722
403,.16751619,.24321958,.093333848,.12077147,.010969976,.025103368,.039689023,.028595436,.05222559,.010643249,.035432395,.042949356,.015632797,.040491622,.041911647,.031514462
404,.16759214,.24350677,.093227133,.12059702,.010981369,.025038365,.039658878,.028604338,.052171946,.010658937,.035382092,.042975716,.015625512,.040455315,.04193629,.031588193
405,.16767007,.24379851,.09311834,.12042355,.010993623,.024971537,.039627183,.028609946,.052110858,.010678529,.035331331,.043008376,.01561913,.040416926,.041961357,.031660743
406,.16775085,.24409467,.093006864,.12025105,.011006632,.024902998,.03959424,.028612293,.052042767,.010702078,.035280187,.043046907,.015613486,.040376592,.041986536,.03173187
407,.16783501,.2443942,.092892326,.12007972,.011020295,.024832843,.039560381,.0286115,.05196837,.01072963,.035228979,.043090891,.015608452,.040334407,.042011604,.031801365
408,.1679233,.2446968,.092774272,.11990962,.011034467,.024761131,.039525934,.028607722,.051888365,.010761239,.035177864,.043139722,.015603892,.040290486,.042036273,.031868931
409,.16801694,.24500236,.092652127,.11974066,.011048983,.024687838,.039491139,.028601108,.05180335,.010796915,.035126962,.043192767,.01559963,.040244889,.042060155,.031934146
410,.16811629,.24531046,.092525572,.11957312,.01106369,.024613049,.039456349,.028591992,.051713947,.01083671,.035076536,.043249432,.01559552,.040197771,.042082973,.031996571
411,.168222,.24562113,.092394203,.119407,.01107841,.024537025,.039421674,.028580656,.051620774,.010880599,.035026871,.043308955,.015591462,.040149119,.042104337,.032055799
412,.16833481,.24593404,.092257902,.11924233,.011092999,.024459949,.039387137,.028567439,.05152433,.01092853,.034978364,.043370664,.015587314,.040098917,.042123776,.032111518
413,.16845459,.24624942,.092116602,.11907923,.011107362,.024382111,.039352514,.028552616,.051425159,.010980408,.034931291,.043434031,.01558303,.04004705,.042141087,.032163523
414,.16858196,.24656679,.091970593,.11891758,.011121423,.024303796,.039317727,.028536489,.051323816,.011036023,.034885898,.043498263,.015578493,.039993525,.042156022,.032211579
415,.16871695,.24688664,.091820054,.11875714,.011135117,.024225311,.039282616,.028519223,.051220804,.011095111,.034842286,.043562829,.015573596,.039938271,.042168539,.032255519
416,.16885951,.24720839,.091665596,.11859807,.011148416,.024146993,.039247215,.028500941,.051116504,.011157361,.034800429,.043627173,.015568319,.039881162,.042178698,.032295242
417,.16900924,.24753237,.091507889,.11844022,.011161282,.02406911,.039211504,.028481688,.051011045,.01122243,.034760311,.043690849,.015562609,.039822157,.042186562,.032330725
418,.16916618,.24785864,.091347471,.11828335,.011173692,.023991928,.039175514,.028461464,.050904483,.011289986,.034721818,.043753445,.015556484,.039761107,.042192321,.032362103
419,.16932978,.24818686,.091184847,.11812751,.01118564,.023915756,.039139204,.028440235,.050796852,.01135975,.034684937,.043814808,.015549981,.039697893,.042196251,.032389693
420,.16949981,.24851617,.091020331,.11797264,.01119716,.023840778,.039102692,.028417988,.05068833,.01143146,.034649573,.043874789,.015543138,.03963254,.042198721,.03241387
421,.16967578,.24884629,.090854079,.11781861,.011208292,.023767158,.039066203,.028394716,.050579146,.011504835,.034615654,.043933406,.015536008,.039564982,.04219985,.032435019
422,.16985746,.24917644,.090686239,.11766547,.011219107,.023694966,.039029937,.028370442,.050469682,.011579622,.034583058,.043990642,.015528576,.039495245,.042199694,.03245344
423,.17004386,.2495065,.090516903,.11751319,.011229672,.023624275,.038994148,.028345264,.050360303,.011655582,.034551613,.044046562,.015520892,.039423447,.042198528,.032469288
424,.17023501,.24983604,.090346307,.11736176,.011240022,.023554962,.038959023,.028319299,.05025116,.011732499,.034521177,.044101033,.01551302,.03934975,.042196356,.032482576
425,.17043008,.25016481,.090174742,.11721119,.011250188,.02348695,.038924664,.028292626,.050142441,.011810261,.034491755,.044154096,.015505002,.039274391,.042193294,.032493509
426,.17062874,.25049177,.090002529,.11706157,.011260208,.023420198,.038891256,.02826543,.050034083,.011888728,.034463137,.04420599,.01549691,.039197627,.042189494,.032502331
427,.17083019,.25081766,.089830033,.11691278,.011270138,.023354497,.038858756,.028237768,.049925946,.011967803,.034434989,.044256832,.015488728,.039119702,.042184919,.032509252
428,.17103355,.25114253,.089657605,.11676473,.011280003,.023289692,.03882717,.028209785,.049818046,.01204744,.034407005,.044306807,.015480479,.03904089,.042179666,.032514628
429,.17123848,.25146648,.08948537,.11661724,.011289803,.02322554,.038796432,.028181568,.049710061,.012127598,.03437895,.044356216,.015472165,.038961392,.042173821,.032518864
430,.17144431,.25178987,.089313537,.11647005,.011299591,.023161851,.03876628,.028153192,.049601983,.012208278,.034350656,.044405255,.01546378,.038881499,.042167533,.032522328
431,.17165034,.25211313,.089141928,.11632311,.011309329,.023098461,.038736358,.028124727,.049493928,.012289479,.034322143,.044454034,.015455352,.038801357,.04216091,.032525439
432,.17185658,.2524358,.088970475,.11617623,.011319032,.023035243,.038706489,.02809621,.049385916,.012371195,.034293488,.044502743,.015446883,.03872126,.042154122,.032528333
